utc_time,Actual PM2.5,Predicted PM2.5
2017-11-20 09:00:00,61.0,41.336754
2017-11-20 10:00:00,124.0,63.040726
2017-11-20 11:00:00,136.0,134.267
2017-11-20 12:00:00,138.0,143.9408
2017-11-20 13:00:00,122.0,141.81293
2017-11-20 14:00:00,129.0,121.60167
2017-11-20 15:00:00,134.0,129.95665
2017-11-20 16:00:00,128.0,132.94629
2017-11-20 17:00:00,122.0,125.9937
2017-11-20 18:00:00,137.0,127.222404
2017-11-20 19:00:00,134.0,138.22195
2017-11-20 20:00:00,134.0,127.42975
2017-11-20 21:00:00,134.0,127.90575
2017-11-20 22:00:00,134.0,128.32613
2017-11-20 23:00:00,134.0,130.7352
2017-11-21 00:00:00,134.0,131.22588
2017-11-21 01:00:00,114.0,132.56949
2017-11-21 02:00:00,154.0,115.39575
2017-11-21 03:00:00,157.0,157.27037
2017-11-21 04:00:00,164.0,157.20985
2017-11-21 05:00:00,162.0,161.79814
2017-11-21 06:00:00,173.0,159.91995
2017-11-21 07:00:00,167.0,177.43875
2017-11-21 08:00:00,166.0,165.58862
2017-11-21 09:00:00,177.0,167.2112
2017-11-21 10:00:00,91.0,180.7289
2017-11-21 11:00:00,21.0,60.808617
2017-11-21 12:00:00,10.0,3.2501485
2017-11-21 13:00:00,10.0,-0.10593745
2017-11-21 14:00:00,8.0,5.0584497
2017-11-21 15:00:00,13.0,6.471075
2017-11-21 16:00:00,10.0,13.030373
2017-11-21 17:00:00,7.0,11.440366
2017-11-21 18:00:00,7.0,6.701587
2017-11-21 19:00:00,7.0,9.905491
2017-11-21 20:00:00,8.0,9.969531
2017-11-21 21:00:00,8.0,10.736312
2017-11-21 22:00:00,10.0,11.400772
2017-11-21 23:00:00,8.999999999999998,12.6405325
2017-11-22 00:00:00,8.0,11.834674
2017-11-22 01:00:00,7.0,6.254329
2017-11-22 02:00:00,5.0,4.7725735
2017-11-22 03:00:00,7.0,0.9238898
2017-11-22 04:00:00,5.0,4.160371
2017-11-22 05:00:00,6.000000000000001,5.022392
2017-11-22 06:00:00,3.0000000000000004,6.0686793
2017-11-22 07:00:00,7.0,3.1741593
2017-11-22 08:00:00,3.0000000000000004,6.27786
2017-11-22 09:00:00,3.0000000000000004,3.5272377
2017-11-22 10:00:00,3.0000000000000004,3.2935858
2017-11-22 11:00:00,3.0000000000000004,3.3012047
2017-11-22 12:00:00,6.000000000000001,3.5379357
2017-11-22 13:00:00,6.000000000000001,6.2926745
2017-11-22 14:00:00,3.0000000000000004,5.709386
2017-11-22 15:00:00,4.0,1.8833547
2017-11-22 16:00:00,4.0,3.0463352
2017-11-22 17:00:00,5.0,4.2336054
2017-11-22 18:00:00,6.000000000000001,4.768137
2017-11-22 19:00:00,3.0000000000000004,6.3147006
2017-11-22 20:00:00,3.0000000000000004,3.0348637
2017-11-22 21:00:00,3.0000000000000004,3.4099329
2017-11-22 22:00:00,4.0,3.64031
2017-11-22 23:00:00,4.0,6.513973
2017-11-23 00:00:00,5.0,7.6941104
2017-11-23 01:00:00,8.999999999999998,7.4088883
2017-11-23 02:00:00,7.0,6.694695
2017-11-23 03:00:00,6.000000000000001,5.962078
2017-11-23 04:00:00,5.0,3.6393049
2017-11-23 05:00:00,6.000000000000001,3.1380591
2017-11-23 06:00:00,6.000000000000001,4.799333
2017-11-23 07:00:00,8.999999999999998,6.7044554
2017-11-23 08:00:00,10.0,9.536387
2017-11-23 09:00:00,7.0,9.868351
2017-11-23 10:00:00,6.000000000000001,6.4886584
2017-11-23 11:00:00,5.0,4.355642
2017-11-23 12:00:00,4.0,4.6245837
2017-11-23 13:00:00,4.0,4.1444945
2017-11-23 14:00:00,4.0,3.8277426
2017-11-23 15:00:00,4.0,3.2520847
2017-11-23 16:00:00,3.0000000000000004,3.6576204
2017-11-23 17:00:00,4.0,3.0524006
2017-11-23 18:00:00,5.0,4.3209825
2017-11-23 19:00:00,4.0,5.0720177
2017-11-23 20:00:00,3.0000000000000004,3.1168656
2017-11-23 21:00:00,5.0,2.9415348
2017-11-23 22:00:00,4.0,8.482811
2017-11-23 23:00:00,6.000000000000001,7.145253
2017-11-24 00:00:00,3.0000000000000004,4.929169
2017-11-24 01:00:00,7.0,7.4909472
2017-11-24 02:00:00,13.0,7.2546926
2017-11-24 03:00:00,8.0,11.294003
2017-11-24 04:00:00,12.000000000000002,4.6267767
2017-11-24 05:00:00,12.000000000000002,9.590026
2017-11-24 06:00:00,12.000000000000002,10.46432
2017-11-24 07:00:00,12.000000000000002,10.931154
2017-11-24 08:00:00,12.000000000000002,11.534943
2017-11-24 09:00:00,12.000000000000002,12.723583
2017-11-24 10:00:00,32.0,14.016654
2017-11-24 11:00:00,35.0,34.227455
2017-11-24 12:00:00,42.0,37.849297
2017-11-24 13:00:00,47.00000000000001,44.9329
2017-11-24 14:00:00,53.0,48.13186
2017-11-24 15:00:00,56.0,54.000813
2017-11-24 16:00:00,58.00000000000001,57.51331
2017-11-24 18:00:00,50.0,57.941578
2017-11-24 19:00:00,54.0,48.79385
2017-11-24 20:00:00,51.0,53.0429
2017-11-25 00:00:00,54.0,50.20242
2017-11-25 01:00:00,59.99999999999999,54.951275
2017-11-25 02:00:00,62.0,59.423344
2017-11-25 03:00:00,67.0,62.838535
2017-11-25 04:00:00,72.0,66.784294
2017-11-25 05:00:00,55.0,72.000694
2017-11-25 06:00:00,36.0,49.3436
2017-11-25 07:00:00,28.0,28.661486
2017-11-25 08:00:00,42.0,25.911736
2017-11-25 09:00:00,38.0,45.6637
2017-11-25 10:00:00,38.0,37.334198
2017-11-25 11:00:00,21.0,32.622807
2017-11-25 12:00:00,21.0,20.74872
2017-11-25 13:00:00,20.0,23.122303
2017-11-25 14:00:00,24.000000000000004,20.465025
2017-11-25 15:00:00,24.000000000000004,22.657978
2017-11-25 16:00:00,8.999999999999998,20.050842
2017-11-25 17:00:00,10.0,3.4907548
2017-11-25 18:00:00,5.0,5.6615095
2017-11-25 19:00:00,10.0,4.779941
2017-11-25 20:00:00,5.0,9.321404
2017-11-25 21:00:00,4.0,5.768654
2017-11-25 22:00:00,4.0,4.340102
2017-11-25 23:00:00,4.0,4.8405204
2017-11-26 00:00:00,3.0000000000000004,5.6947412
2017-11-26 01:00:00,5.0,3.719634
2017-11-26 02:00:00,8.0,5.9859595
2017-11-26 03:00:00,8.999999999999998,7.2740455
2017-11-26 04:00:00,5.0,7.4581394
2017-11-26 05:00:00,3.0000000000000004,5.0761046
2017-11-26 06:00:00,7.0,3.0470595
2017-11-26 07:00:00,8.999999999999998,6.419145
2017-11-26 08:00:00,12.000000000000002,9.698876
2017-11-26 09:00:00,14.0,13.923566
2017-11-26 10:00:00,14.999999999999998,16.940441
2017-11-26 11:00:00,13.0,17.838923
2017-11-26 12:00:00,16.0,11.568972
2017-11-26 13:00:00,19.0,16.254457
2017-11-26 14:00:00,33.0,20.998219
2017-11-26 15:00:00,41.0,35.530983
2017-11-26 16:00:00,46.0,43.03973
2017-11-26 17:00:00,47.00000000000001,47.34716
2017-11-26 18:00:00,47.00000000000001,46.294373
2017-11-26 19:00:00,50.0,47.04091
2017-11-26 20:00:00,50.0,48.94095
2017-11-26 21:00:00,48.99999999999999,48.013653
2017-11-26 22:00:00,57.0,48.9421
2017-11-26 23:00:00,59.99999999999999,57.60787
2017-11-27 00:00:00,55.0,59.27484
2017-11-27 01:00:00,57.0,54.66903
2017-11-27 02:00:00,64.0,55.29041
2017-11-27 03:00:00,67.0,63.737816
2017-11-27 04:00:00,76.0,66.951195
2017-11-27 05:00:00,79.0,75.99595
2017-11-27 06:00:00,84.0,79.06148
2017-11-27 07:00:00,82.0,83.32844
2017-11-27 08:00:00,83.0,80.85325
2017-11-27 09:00:00,84.0,83.52271
2017-11-27 10:00:00,95.00000000000001,84.46469
2017-11-27 11:00:00,88.0,96.07881
2017-11-27 12:00:00,96.00000000000001,88.51978
2017-11-27 13:00:00,96.99999999999999,95.28908
2017-11-27 14:00:00,95.00000000000001,95.730965
2017-11-27 15:00:00,90.0,92.28467
2017-11-27 16:00:00,89.0,85.888145
2017-11-27 17:00:00,88.0,87.06579
2017-11-27 18:00:00,84.0,85.07266
2017-11-27 19:00:00,82.0,81.82829
2017-11-27 20:00:00,85.0,79.95817
2017-11-27 21:00:00,83.0,83.06955
2017-11-27 22:00:00,85.0,81.0071
2017-11-27 23:00:00,83.0,84.21233
2017-11-28 00:00:00,84.0,81.78027
2017-11-28 01:00:00,71.0,84.786736
2017-11-28 02:00:00,24.000000000000004,67.02817
2017-11-28 03:00:00,11.0,12.936707
2017-11-28 04:00:00,11.0,1.8260677
2017-11-28 05:00:00,6.000000000000001,6.356558
2017-11-28 06:00:00,8.0,4.5244904
2017-11-28 07:00:00,7.0,7.418679
2017-11-28 08:00:00,6.000000000000001,7.5286484
2017-11-28 09:00:00,6.000000000000001,7.127576
2017-11-28 10:00:00,5.0,7.309478
2017-11-28 11:00:00,5.0,6.1124887
2017-11-28 12:00:00,7.0,6.6181946
2017-11-28 13:00:00,6.000000000000001,7.312643
2017-11-28 14:00:00,5.0,6.5123467
2017-11-28 15:00:00,14.0,5.593241
2017-11-28 16:00:00,7.0,14.27919
2017-11-28 17:00:00,7.0,8.342508
2017-11-28 18:00:00,5.0,8.186916
2017-11-28 19:00:00,5.0,6.4287386
2017-11-28 20:00:00,4.0,4.8518167
2017-11-28 21:00:00,5.0,4.109844
2017-11-28 22:00:00,3.0000000000000004,4.2267876
2017-11-28 23:00:00,4.0,3.142726
2017-11-29 00:00:00,6.000000000000001,4.730033
2017-11-29 01:00:00,16.0,7.5920844
2017-11-29 02:00:00,8.0,14.74175
2017-11-29 03:00:00,8.0,8.785643
2017-11-29 04:00:00,6.000000000000001,7.2458143
2017-11-29 05:00:00,13.0,5.188549
2017-11-29 08:00:00,19.0,12.186791
2017-11-29 09:00:00,16.0,23.629957
2017-11-29 10:00:00,14.999999999999998,19.731585
2017-11-29 11:00:00,18.0,15.388195
2017-11-29 12:00:00,21.0,17.492565
2017-11-29 13:00:00,24.000000000000004,23.137798
2017-11-29 14:00:00,32.0,24.948685
2017-11-29 15:00:00,40.0,36.09965
2017-11-29 16:00:00,33.0,40.465664
2017-11-29 17:00:00,25.0,31.48329
2017-11-29 18:00:00,29.999999999999996,22.341293
2017-11-29 19:00:00,29.999999999999996,28.311749
2017-11-29 20:00:00,37.0,30.1769
2017-11-29 21:00:00,18.0,38.65188
2017-11-29 22:00:00,14.0,13.393504
2017-11-29 23:00:00,10.0,8.388229
2017-11-30 00:00:00,12.000000000000002,7.753037
2017-11-30 01:00:00,7.0,12.31637
2017-11-30 02:00:00,8.0,6.823848
2017-11-30 03:00:00,4.0,6.1269383
2017-11-30 04:00:00,3.0000000000000004,1.840707
2017-11-30 05:00:00,6.000000000000001,2.0148618
2017-11-30 06:00:00,6.000000000000001,5.4938693
2017-11-30 07:00:00,5.0,6.0595694
2017-11-30 08:00:00,16.0,5.2552958
2017-11-30 09:00:00,28.0,21.52122
2017-11-30 10:00:00,38.0,32.28246
2017-11-30 11:00:00,45.0,39.445103
2017-11-30 12:00:00,57.0,48.180584
2017-11-30 13:00:00,58.99999999999999,62.473854
2017-11-30 14:00:00,59.99999999999999,63.542927
2017-11-30 15:00:00,66.0,60.251507
2017-11-30 16:00:00,70.0,65.31878
2017-11-30 17:00:00,75.0,68.47408
2017-11-30 18:00:00,73.0,73.97675
2017-11-30 19:00:00,75.0,71.533714
2017-11-30 20:00:00,76.0,74.504005
2017-11-30 21:00:00,81.0,72.847916
2017-11-30 22:00:00,58.00000000000001,80.89728
2017-11-30 23:00:00,37.0,54.270973
2017-12-01 00:00:00,38.0,32.56606
2017-12-01 01:00:00,44.0,34.492073
2017-12-01 02:00:00,46.0,41.85987
2017-12-01 03:00:00,48.00000000000001,47.753532
2017-12-01 04:00:00,73.0,48.16968
2017-12-01 05:00:00,64.0,75.8988
2017-12-01 06:00:00,47.00000000000001,60.240803
2017-12-01 07:00:00,53.0,41.649353
2017-12-01 08:00:00,51.0,50.35368
2017-12-01 09:00:00,51.0,49.698544
2017-12-01 10:00:00,75.0,52.87883
2017-12-01 11:00:00,99.0,79.2983
2017-12-01 12:00:00,119.99999999999999,103.61355
2017-12-01 13:00:00,127.0,126.15456
2017-12-01 14:00:00,121.0,129.20604
2017-12-01 15:00:00,131.0,119.884605
2017-12-01 16:00:00,137.0,132.4185
2017-12-01 17:00:00,113.0,138.27568
2017-12-01 18:00:00,109.0,108.506134
2017-12-01 19:00:00,114.0,109.02349
2017-12-01 20:00:00,117.00000000000001,108.42267
2017-12-01 21:00:00,107.0,112.69049
2017-12-01 22:00:00,101.0,102.05492
2017-12-01 23:00:00,104.0,97.202415
2017-12-02 00:00:00,117.99999999999999,100.48256
2017-12-02 01:00:00,121.0,116.43341
2017-12-02 02:00:00,127.0,122.853485
2017-12-02 03:00:00,140.0,124.51655
2017-12-02 04:00:00,159.0,140.91457
2017-12-02 05:00:00,173.0,164.15085
2017-12-02 06:00:00,172.0,179.85916
2017-12-02 07:00:00,156.0,172.87141
2017-12-02 08:00:00,170.0,152.95062
2017-12-02 09:00:00,188.00000000000003,176.40468
2017-12-02 10:00:00,181.0,192.14186
2017-12-02 11:00:00,193.99999999999997,175.47876
2017-12-02 12:00:00,193.99999999999997,196.09245
2017-12-02 13:00:00,200.0,191.05812
2017-12-02 14:00:00,208.0,197.04294
2017-12-02 15:00:00,228.0,206.31033
2017-12-02 16:00:00,248.0,235.91805
2017-12-02 17:00:00,243.0,248.93037
2017-12-02 18:00:00,218.0,231.22675
2017-12-02 19:00:00,183.0,209.23157
2017-12-02 20:00:00,143.0,172.18132
2017-12-02 21:00:00,139.0,132.69992
2017-12-02 22:00:00,91.0,131.83322
2017-12-02 23:00:00,48.00000000000001,74.636215
2017-12-03 00:00:00,25.0,38.39326
2017-12-03 01:00:00,16.0,17.58935
2017-12-03 02:00:00,14.999999999999998,11.523493
2017-12-03 03:00:00,12.000000000000002,12.835097
2017-12-03 04:00:00,12.000000000000002,11.047401
2017-12-03 05:00:00,14.0,10.954755
2017-12-03 06:00:00,8.999999999999998,14.949469
2017-12-03 07:00:00,5.0,8.53458
2017-12-03 08:00:00,5.0,5.488764
2017-12-03 09:00:00,8.999999999999998,5.7996726
2017-12-03 10:00:00,8.0,10.031471
2017-12-03 11:00:00,3.0000000000000004,9.844873
2017-12-03 12:00:00,5.0,4.850699
2017-12-03 13:00:00,3.0000000000000004,5.6721797
2017-12-03 14:00:00,5.0,3.2065208
2017-12-03 15:00:00,3.0000000000000004,4.4052305
2017-12-03 16:00:00,3.0000000000000004,3.4854257
2017-12-03 17:00:00,3.0000000000000004,3.7760973
2017-12-03 18:00:00,4.0,5.019923
2017-12-03 19:00:00,3.0000000000000004,3.2855668
2017-12-03 20:00:00,5.0,2.905963
2017-12-03 21:00:00,4.0,4.3689466
2017-12-03 22:00:00,3.0000000000000004,5.6949134
2017-12-03 23:00:00,6.000000000000001,4.3438396
2017-12-04 00:00:00,5.0,7.148616
2017-12-04 01:00:00,4.0,7.2156563
2017-12-04 02:00:00,6.000000000000001,2.615098
2017-12-04 03:00:00,5.0,3.1528149
2017-12-04 04:00:00,4.0,2.7454395
2017-12-04 05:00:00,4.0,3.166008
2017-12-04 06:00:00,7.0,4.193847
2017-12-04 07:00:00,8.0,6.7539835
2017-12-04 08:00:00,5.0,8.050463
2017-12-04 09:00:00,5.0,5.303208
2017-12-04 10:00:00,4.0,5.685145
2017-12-04 11:00:00,4.0,5.1591234
2017-12-04 12:00:00,3.0000000000000004,3.611103
2017-12-04 13:00:00,4.0,3.2979307
2017-12-04 14:00:00,3.0000000000000004,2.6727967
2017-12-04 15:00:00,4.0,2.2888017
2017-12-04 16:00:00,6.000000000000001,4.703418
2017-12-04 17:00:00,5.0,7.588032
2017-12-04 18:00:00,4.0,9.6486
2017-12-04 19:00:00,10.0,4.082697
2017-12-04 20:00:00,3.0000000000000004,4.963308
2017-12-04 21:00:00,3.0000000000000004,0.892001
2017-12-04 22:00:00,5.0,3.1912181
2017-12-04 23:00:00,4.0,5.5139713
2017-12-05 00:00:00,12.000000000000002,8.633724
2017-12-05 01:00:00,36.0,18.42563
2017-12-05 02:00:00,23.0,38.276955
2017-12-05 03:00:00,21.0,22.422136
2017-12-05 04:00:00,24.000000000000004,18.242529
2017-12-05 05:00:00,16.0,21.221153
2017-12-05 06:00:00,14.0,15.026504
2017-12-05 07:00:00,20.0,10.753831
2017-12-05 08:00:00,21.0,17.920465
2017-12-05 09:00:00,20.0,21.366768
2017-12-05 10:00:00,16.0,20.7012
2017-12-05 11:00:00,21.0,18.494768
2017-12-05 12:00:00,25.0,22.58859
2017-12-05 13:00:00,26.0,27.95354
2017-12-05 14:00:00,25.0,27.557602
2017-12-05 15:00:00,29.000000000000004,25.783014
2017-12-05 16:00:00,34.0,28.208372
2017-12-05 17:00:00,40.0,33.637955
2017-12-05 18:00:00,46.0,40.254246
2017-12-05 19:00:00,48.99999999999999,46.139732
2017-12-05 20:00:00,52.0,48.402023
2017-12-05 21:00:00,45.0,54.292397
2017-12-05 22:00:00,48.99999999999999,51.686253
2017-12-05 23:00:00,38.0,47.494373
2017-12-06 00:00:00,27.0,30.285103
2017-12-06 01:00:00,26.0,23.055763
2017-12-06 02:00:00,25.0,23.840864
2017-12-06 03:00:00,18.0,22.397247
2017-12-06 04:00:00,14.0,14.049859
2017-12-06 05:00:00,8.999999999999998,8.989011
2017-12-06 06:00:00,10.0,6.6977067
2017-12-06 07:00:00,8.999999999999998,9.019816
2017-12-06 08:00:00,14.0,9.325501
2017-12-06 09:00:00,10.0,13.347731
2017-12-06 10:00:00,8.999999999999998,11.343681
2017-12-06 11:00:00,20.0,11.570011
2017-12-06 12:00:00,20.0,24.464321
2017-12-06 13:00:00,10.0,21.004538
2017-12-06 14:00:00,8.999999999999998,6.660453
2017-12-06 15:00:00,4.0,6.6489606
2017-12-06 16:00:00,6.000000000000001,2.912598
2017-12-06 17:00:00,7.0,5.091684
2017-12-06 18:00:00,6.000000000000001,6.8755527
2017-12-06 19:00:00,7.0,8.246059
2017-12-06 20:00:00,5.0,8.709959
2017-12-06 21:00:00,3.0000000000000004,4.2684913
2017-12-06 22:00:00,3.0000000000000004,2.1700428
2017-12-06 23:00:00,8.0,2.5056121
2017-12-07 00:00:00,6.000000000000001,7.7204595
2017-12-07 01:00:00,3.0000000000000004,8.390467
2017-12-07 02:00:00,8.0,3.8867564
2017-12-07 03:00:00,14.0,6.952988
2017-12-07 04:00:00,12.000000000000002,12.005619
2017-12-07 05:00:00,12.000000000000002,11.918634
2017-12-07 06:00:00,12.000000000000002,10.762911
2017-12-07 07:00:00,3.0000000000000004,11.776986
2017-12-07 08:00:00,7.0,1.6710311
2017-12-07 09:00:00,4.0,5.1145554
2017-12-07 10:00:00,7.0,4.5614448
2017-12-07 11:00:00,8.0,6.615832
2017-12-07 12:00:00,8.0,8.794137
2017-12-07 13:00:00,8.0,8.459972
2017-12-07 14:00:00,8.999999999999998,8.086026
2017-12-07 15:00:00,8.999999999999998,10.927659
2017-12-07 16:00:00,8.0,10.21249
2017-12-07 17:00:00,7.0,8.750422
2017-12-07 18:00:00,7.0,7.8569026
2017-12-07 19:00:00,7.0,7.1757646
2017-12-07 20:00:00,8.0,7.0449834
2017-12-07 21:00:00,8.999999999999998,9.680187
2017-12-07 22:00:00,14.0,10.1480665
2017-12-07 23:00:00,16.0,14.191878
2017-12-08 00:00:00,18.0,17.298285
2017-12-08 01:00:00,20.0,19.696785
2017-12-08 02:00:00,20.0,20.443247
2017-12-08 05:00:00,35.0,20.155241
2017-12-08 06:00:00,33.0,34.76121
2017-12-08 07:00:00,10.0,31.468658
2017-12-08 08:00:00,22.0,6.5707316
2017-12-08 09:00:00,24.000000000000004,17.739521
2017-12-08 10:00:00,36.0,29.53912
2017-12-08 11:00:00,34.0,41.443275
2017-12-08 12:00:00,35.0,35.819675
2017-12-08 13:00:00,35.0,36.06929
2017-12-08 14:00:00,37.0,35.440495
2017-12-08 15:00:00,33.0,34.945904
2017-12-08 16:00:00,28.0,31.27468
2017-12-08 17:00:00,27.0,26.791569
2017-12-08 18:00:00,27.0,26.65197
2017-12-08 19:00:00,18.0,24.86585
2017-12-08 20:00:00,20.0,15.423555
2017-12-08 21:00:00,12.000000000000002,18.160395
2017-12-08 22:00:00,32.0,12.414355
2017-12-08 23:00:00,17.0,31.46549
2017-12-09 00:00:00,25.0,20.659052
2017-12-09 01:00:00,25.0,26.220873
2017-12-09 02:00:00,26.0,25.731995
2017-12-09 03:00:00,35.0,25.779251
2017-12-09 04:00:00,45.0,37.9945
2017-12-09 05:00:00,42.0,47.431892
2017-12-09 06:00:00,26.0,39.517185
2017-12-09 07:00:00,29.999999999999996,19.198982
2017-12-09 08:00:00,29.000000000000004,27.084896
2017-12-09 09:00:00,31.0,29.863213
2017-12-09 10:00:00,44.0,34.57086
2017-12-09 11:00:00,45.0,47.072113
2017-12-09 12:00:00,48.00000000000001,45.763958
2017-12-09 13:00:00,52.0,48.75381
2017-12-09 14:00:00,32.0,52.988716
2017-12-09 15:00:00,19.0,27.403551
2017-12-09 16:00:00,8.0,11.011181
2017-12-09 17:00:00,8.999999999999998,2.7211936
2017-12-09 18:00:00,6.000000000000001,8.189691
2017-12-09 19:00:00,8.0,5.4864516
2017-12-09 20:00:00,6.000000000000001,9.119927
2017-12-09 21:00:00,5.0,3.4947796
2017-12-09 22:00:00,5.0,2.763632
2017-12-09 23:00:00,8.0,4.5131884
2017-12-10 00:00:00,8.0,7.590008
2017-12-10 01:00:00,8.0,8.543438
2017-12-10 02:00:00,6.000000000000001,8.1875105
2017-12-10 03:00:00,6.000000000000001,6.2027636
2017-12-10 04:00:00,7.0,5.805464
2017-12-10 05:00:00,5.0,6.7363496
2017-12-10 06:00:00,8.999999999999998,5.256865
2017-12-10 07:00:00,6.000000000000001,8.170105
2017-12-10 08:00:00,8.0,6.380204
2017-12-10 09:00:00,8.0,7.7712502
2017-12-10 10:00:00,8.0,8.538349
2017-12-10 11:00:00,10.0,9.516003
2017-12-10 12:00:00,6.000000000000001,9.688515
2017-12-10 13:00:00,7.0,5.9388633
2017-12-10 14:00:00,4.0,5.331966
2017-12-10 15:00:00,12.000000000000002,4.329534
2017-12-10 16:00:00,8.999999999999998,17.779263
2017-12-10 17:00:00,8.0,12.556235
2017-12-10 18:00:00,10.0,7.6098995
2017-12-10 19:00:00,8.999999999999998,10.941834
2017-12-10 20:00:00,7.0,9.0010395
2017-12-10 21:00:00,5.0,2.0435045
2017-12-10 22:00:00,3.0000000000000004,1.032389
2017-12-10 23:00:00,7.0,2.2809985
2017-12-11 00:00:00,6.000000000000001,7.3594494
2017-12-11 01:00:00,6.000000000000001,8.342951
2017-12-11 02:00:00,7.0,6.874427
2017-12-11 03:00:00,6.000000000000001,5.548187
2017-12-11 04:00:00,7.0,5.239678
2017-12-11 05:00:00,8.0,6.871815
2017-12-11 06:00:00,6.000000000000001,6.951971
2017-12-11 07:00:00,7.0,5.273912
2017-12-11 08:00:00,3.0000000000000004,6.2003
2017-12-11 09:00:00,5.0,3.580418
2017-12-11 10:00:00,8.999999999999998,5.7332635
2017-12-11 11:00:00,8.0,8.284471
2017-12-11 12:00:00,10.0,9.35002
2017-12-11 13:00:00,11.0,9.702792
2017-12-11 14:00:00,8.0,12.2524
2017-12-11 15:00:00,7.0,8.098961
2017-12-11 16:00:00,5.0,5.9824142
2017-12-11 17:00:00,5.0,5.097285
2017-12-11 18:00:00,3.0000000000000004,3.9903226
2017-12-11 19:00:00,4.0,3.4745
2017-12-11 20:00:00,3.0000000000000004,3.5207248
2017-12-11 21:00:00,3.0000000000000004,2.137285
2017-12-11 22:00:00,3.0000000000000004,3.7053418
2017-12-11 23:00:00,13.0,3.6859639
2017-12-12 00:00:00,5.0,12.861284
2017-12-12 01:00:00,6.000000000000001,7.162266
2017-12-12 02:00:00,7.0,6.6495085
2017-12-12 03:00:00,8.0,7.3764606
2017-12-12 04:00:00,10.0,7.061744
2017-12-12 05:00:00,20.0,10.650171
2017-12-12 06:00:00,18.0,20.686531
2017-12-12 07:00:00,23.0,19.736368
2017-12-12 08:00:00,20.0,22.431675
2017-12-12 09:00:00,14.0,19.834412
2017-12-12 10:00:00,19.0,14.700858
2017-12-12 11:00:00,21.0,19.498377
2017-12-12 12:00:00,25.0,23.115183
2017-12-12 13:00:00,26.0,27.716503
2017-12-12 14:00:00,29.000000000000004,27.666077
2017-12-12 15:00:00,32.0,29.73599
2017-12-12 16:00:00,28.0,30.526098
2017-12-12 17:00:00,32.0,27.15794
2017-12-12 18:00:00,41.0,30.174576
2017-12-12 19:00:00,26.0,37.7015
2017-12-12 20:00:00,26.0,29.113207
2017-12-12 21:00:00,26.0,26.828005
2017-12-12 22:00:00,29.000000000000004,25.98077
2017-12-12 23:00:00,35.0,30.40802
2017-12-13 00:00:00,27.0,36.08971
2017-12-13 01:00:00,21.0,21.15607
2017-12-13 02:00:00,21.0,18.081497
2017-12-13 03:00:00,24.000000000000004,18.795681
2017-12-13 04:00:00,25.0,24.142626
2017-12-13 05:00:00,39.0,24.487246
2017-12-13 06:00:00,35.0,37.83994
2017-12-13 07:00:00,31.0,36.54435
2017-12-13 08:00:00,33.0,33.024338
2017-12-13 09:00:00,45.0,34.250156
2017-12-13 10:00:00,35.0,46.486065
2017-12-13 11:00:00,36.0,38.68436
2017-12-13 12:00:00,39.0,35.618893
2017-12-13 13:00:00,38.0,37.03157
2017-12-13 14:00:00,40.0,37.930367
2017-12-13 15:00:00,39.0,39.35126
2017-12-13 16:00:00,41.0,38.38056
2017-12-13 17:00:00,48.99999999999999,41.545452
2017-12-13 18:00:00,50.0,51.54545
2017-12-13 19:00:00,54.0,52.19306
2017-12-13 20:00:00,58.00000000000001,58.855618
2017-12-13 21:00:00,58.99999999999999,59.295044
2017-12-13 22:00:00,64.0,56.699837
2017-12-13 23:00:00,76.0,59.633877
2017-12-14 00:00:00,86.0,72.80758
2017-12-14 01:00:00,86.0,84.55879
2017-12-14 02:00:00,102.0,84.62489
2017-12-14 03:00:00,97.99999999999999,101.73349
2017-12-14 04:00:00,90.0,98.24047
2017-12-14 05:00:00,81.0,92.06643
2017-12-14 06:00:00,68.0,74.73402
2017-12-14 07:00:00,72.0,59.516106
2017-12-14 08:00:00,73.0,67.84036
2017-12-14 09:00:00,78.0,73.050156
2017-12-14 10:00:00,73.0,76.96797
2017-12-14 11:00:00,83.0,73.694275
2017-12-14 12:00:00,93.0,87.58257
2017-12-14 13:00:00,84.0,95.52339
2017-12-14 14:00:00,88.0,77.79482
2017-12-14 15:00:00,94.00000000000001,80.85511
2017-12-14 16:00:00,97.99999999999999,93.19599
2017-12-14 17:00:00,95.00000000000001,103.608315
2017-12-14 18:00:00,99.0,98.78829
2017-12-14 19:00:00,85.0,97.96918
2017-12-14 20:00:00,90.0,79.0607
2017-12-14 21:00:00,70.0,87.07499
2017-12-14 22:00:00,61.0,64.41621
2017-12-14 23:00:00,33.0,58.05996
2017-12-15 00:00:00,13.0,27.370348
2017-12-15 01:00:00,11.0,5.430922
2017-12-15 02:00:00,8.0,3.747024
2017-12-15 03:00:00,7.0,5.256591
2017-12-15 04:00:00,8.0,5.4018936
2017-12-15 05:00:00,13.0,7.265947
2017-12-15 06:00:00,8.0,13.308219
2017-12-15 07:00:00,7.0,9.287819
2017-12-15 08:00:00,11.0,8.223452
2017-12-15 09:00:00,10.0,11.749748
2017-12-15 10:00:00,8.0,11.81444
2017-12-15 11:00:00,12.000000000000002,10.05677
2017-12-15 12:00:00,8.999999999999998,14.376054
2017-12-15 13:00:00,8.0,8.13873
2017-12-15 14:00:00,5.0,7.278262
2017-12-15 15:00:00,8.0,4.012361
2017-12-15 16:00:00,7.0,6.33167
2017-12-15 17:00:00,7.0,7.3477607
2017-12-15 18:00:00,6.000000000000001,7.2902713
2017-12-15 19:00:00,7.0,6.117047
2017-12-15 20:00:00,6.000000000000001,6.41133
2017-12-15 21:00:00,8.0,5.951618
2017-12-15 22:00:00,7.0,7.4104524
2017-12-15 23:00:00,7.0,7.36035
2017-12-16 00:00:00,7.0,6.8866134
2017-12-16 01:00:00,5.0,6.7919374
2017-12-16 02:00:00,3.0000000000000004,5.276212
2017-12-16 03:00:00,6.000000000000001,2.9764922
2017-12-16 04:00:00,6.000000000000001,5.0052776
2017-12-16 05:00:00,10.0,5.718031
2017-12-16 06:00:00,8.999999999999998,9.385537
2017-12-16 07:00:00,10.0,8.922869
2017-12-16 08:00:00,6.000000000000001,9.672722
2017-12-16 09:00:00,7.0,6.67623
2017-12-16 10:00:00,6.000000000000001,7.794139
2017-12-16 11:00:00,7.0,7.099366
2017-12-16 12:00:00,4.0,5.677359
2017-12-16 13:00:00,8.0,3.8745713
2017-12-16 14:00:00,11.0,7.676405
2017-12-16 15:00:00,11.0,14.862226
2017-12-16 16:00:00,8.999999999999998,14.100195
2017-12-16 17:00:00,8.0,10.070562
2017-12-16 18:00:00,7.0,7.378916
2017-12-16 19:00:00,11.0,5.2113357
2017-12-16 20:00:00,20.0,10.399373
2017-12-16 21:00:00,18.0,27.018084
2017-12-16 22:00:00,18.0,17.517231
2017-12-16 23:00:00,19.0,17.925438
2017-12-17 00:00:00,17.0,19.994844
2017-12-17 01:00:00,17.0,17.224733
2017-12-17 02:00:00,19.0,16.28369
2017-12-17 03:00:00,33.0,20.008797
2017-12-17 04:00:00,23.0,34.173645
2017-12-17 05:00:00,18.0,18.089348
2017-12-17 06:00:00,18.0,14.24383
2017-12-17 07:00:00,18.0,14.651321
2017-12-17 08:00:00,22.0,16.49327
2017-12-17 09:00:00,31.0,23.164549
2017-12-17 10:00:00,38.0,35.149788
2017-12-17 11:00:00,29.000000000000004,36.177414
2017-12-17 12:00:00,35.0,31.897923
2017-12-17 13:00:00,38.0,38.852524
2017-12-17 14:00:00,38.0,38.550804
2017-12-17 15:00:00,38.0,39.108192
2017-12-17 16:00:00,37.0,38.344364
2017-12-17 17:00:00,14.0,36.656788
2017-12-17 18:00:00,12.000000000000002,5.3250937
2017-12-17 19:00:00,10.0,6.303971
2017-12-17 20:00:00,12.000000000000002,8.086516
2017-12-17 21:00:00,11.0,11.240603
2017-12-17 22:00:00,12.000000000000002,10.3211975
2017-12-17 23:00:00,8.999999999999998,9.930632
2017-12-18 00:00:00,22.0,8.998196
2017-12-18 01:00:00,8.0,21.014206
2017-12-18 02:00:00,6.000000000000001,9.316456
2017-12-18 03:00:00,7.0,5.4833393
2017-12-18 04:00:00,8.0,5.928053
2017-12-18 05:00:00,8.0,7.4590173
2017-12-18 06:00:00,8.999999999999998,7.85383
2017-12-18 07:00:00,10.0,8.5455265
2017-12-18 08:00:00,4.0,10.015212
2017-12-18 09:00:00,4.0,4.8748245
2017-12-18 10:00:00,8.999999999999998,4.132864
2017-12-18 11:00:00,11.0,10.534137
2017-12-18 12:00:00,8.999999999999998,10.918632
2017-12-18 13:00:00,13.0,10.162675
2017-12-18 14:00:00,8.0,14.115288
2017-12-18 15:00:00,6.000000000000001,9.986859
2017-12-18 16:00:00,7.0,6.1812825
2017-12-18 17:00:00,5.0,5.7665906
2017-12-18 18:00:00,8.0,6.7657356
2017-12-18 19:00:00,8.999999999999998,10.6351595
2017-12-18 20:00:00,8.0,9.283972
2017-12-18 21:00:00,6.000000000000001,8.493806
2017-12-18 22:00:00,4.0,5.7139335
2017-12-18 23:00:00,8.999999999999998,4.919742
2017-12-19 00:00:00,11.0,10.295402
2017-12-19 01:00:00,34.0,11.908704
2017-12-19 02:00:00,26.0,32.121334
2017-12-19 03:00:00,20.0,26.554384
2017-12-19 04:00:00,28.0,18.900042
2017-12-19 05:00:00,40.0,27.355696
2017-12-19 06:00:00,51.0,40.513485
2017-12-19 07:00:00,48.99999999999999,52.239563
2017-12-19 08:00:00,46.0,49.257015
2017-12-19 09:00:00,55.0,45.928226
2017-12-19 10:00:00,63.0,56.978157
2017-12-19 11:00:00,67.0,66.54462
2017-12-19 12:00:00,64.0,69.180626
2017-12-19 13:00:00,78.0,64.46648
2017-12-19 14:00:00,63.0,78.14321
2017-12-19 15:00:00,59.99999999999999,60.675667
2017-12-19 16:00:00,71.0,58.00556
2017-12-19 17:00:00,69.0,71.3845
2017-12-19 18:00:00,58.00000000000001,67.30943
2017-12-19 19:00:00,55.0,54.06017
2017-12-19 20:00:00,47.00000000000001,54.961792
2017-12-19 21:00:00,7.0,43.25899
2017-12-19 22:00:00,11.0,-4.0939217
2017-12-19 23:00:00,14.0,2.2366385
2017-12-20 00:00:00,10.0,11.898895
2017-12-20 01:00:00,5.0,9.537647
2017-12-20 02:00:00,14.999999999999998,5.831943
2017-12-20 03:00:00,12.000000000000002,13.287157
2017-12-20 04:00:00,5.0,12.336876
2017-12-20 05:00:00,5.0,5.8421206
2017-12-20 06:00:00,7.0,5.07658
2017-12-20 07:00:00,5.0,6.39703
2017-12-20 08:00:00,6.000000000000001,5.632685
2017-12-20 09:00:00,8.0,6.1284494
2017-12-20 10:00:00,7.0,9.385096
2017-12-20 11:00:00,19.0,11.609953
2017-12-20 12:00:00,18.0,24.986069
2017-12-20 13:00:00,27.0,21.937359
2017-12-20 14:00:00,25.0,27.426056
2017-12-20 15:00:00,28.0,24.979897
2017-12-20 16:00:00,31.0,27.59562
2017-12-20 17:00:00,29.000000000000004,31.734612
2017-12-20 18:00:00,36.0,29.725254
2017-12-20 19:00:00,45.0,43.152317
2017-12-20 20:00:00,38.0,44.28314
2017-12-20 21:00:00,36.0,32.52895
2017-12-20 22:00:00,29.999999999999996,32.119835
2017-12-20 23:00:00,26.0,29.216997
2017-12-21 00:00:00,16.0,22.978624
2017-12-21 01:00:00,20.0,14.840033
2017-12-21 02:00:00,18.0,19.073353
2017-12-21 03:00:00,29.999999999999996,18.040928
2017-12-21 04:00:00,25.0,26.475529
2017-12-21 05:00:00,29.000000000000004,24.875196
2017-12-21 06:00:00,32.0,30.246843
2017-12-21 09:00:00,46.0,31.062626
2017-12-21 10:00:00,64.0,55.048706
2017-12-21 11:00:00,95.00000000000001,69.3872
2017-12-21 12:00:00,95.00000000000001,100.970116
2017-12-21 13:00:00,107.0,96.926315
2017-12-21 14:00:00,122.0,111.77298
2017-12-21 15:00:00,108.0,125.19609
2017-12-21 16:00:00,95.00000000000001,105.97208
2017-12-21 17:00:00,83.0,92.2595
2017-12-21 18:00:00,77.0,73.31975
2017-12-21 19:00:00,80.0,69.7728
2017-12-21 20:00:00,75.0,76.35348
2017-12-21 21:00:00,57.0,71.93677
2017-12-21 22:00:00,64.0,53.174404
2017-12-21 23:00:00,59.99999999999999,60.686142
2017-12-22 00:00:00,57.0,57.00402
2017-12-22 01:00:00,43.0,54.009453
2017-12-22 02:00:00,36.0,40.479324
2017-12-22 03:00:00,18.0,31.600182
2017-12-22 04:00:00,8.0,8.883662
2017-12-22 05:00:00,8.999999999999998,2.0205483
2017-12-22 06:00:00,8.0,6.082569
2017-12-22 07:00:00,8.999999999999998,8.025038
2017-12-22 08:00:00,11.0,9.809665
2017-12-22 09:00:00,11.0,12.378725
2017-12-22 10:00:00,13.0,13.738088
2017-12-22 11:00:00,18.0,18.42162
2017-12-22 12:00:00,24.000000000000004,23.172012
2017-12-22 13:00:00,13.0,28.650768
2017-12-22 14:00:00,11.0,10.965895
2017-12-22 15:00:00,14.999999999999998,8.581754
2017-12-22 16:00:00,16.0,14.916798
2017-12-22 17:00:00,14.0,16.829388
2017-12-22 18:00:00,14.0,13.150187
2017-12-22 19:00:00,10.0,12.352877
2017-12-22 20:00:00,12.000000000000002,8.429336
2017-12-22 21:00:00,12.000000000000002,13.904713
2017-12-22 22:00:00,10.0,12.545771
2017-12-22 23:00:00,14.999999999999998,12.019407
2017-12-23 00:00:00,14.999999999999998,16.562435
2017-12-23 01:00:00,20.0,15.458927
2017-12-23 02:00:00,24.000000000000004,20.445755
2017-12-23 03:00:00,21.0,26.017025
2017-12-23 04:00:00,59.99999999999999,21.815533
2017-12-23 05:00:00,61.0,69.15013
2017-12-23 06:00:00,42.0,62.941917
2017-12-23 07:00:00,41.0,34.75638
2017-12-23 08:00:00,42.0,37.806942
2017-12-23 09:00:00,45.0,41.120625
2017-12-23 10:00:00,46.0,45.90577
2017-12-23 11:00:00,41.0,45.733833
2017-12-23 12:00:00,42.0,38.963135
2017-12-23 13:00:00,59.99999999999999,41.41809
2017-12-23 14:00:00,56.0,63.212032
2017-12-23 15:00:00,48.99999999999999,56.834496
2017-12-23 16:00:00,38.0,44.654713
2017-12-23 17:00:00,33.0,34.69051
2017-12-23 18:00:00,27.0,31.221186
2017-12-23 19:00:00,19.0,21.641819
2017-12-23 20:00:00,20.0,7.694884
2017-12-23 21:00:00,22.0,13.508703
2017-12-23 22:00:00,19.0,21.333559
2017-12-23 23:00:00,17.0,19.834822
2017-12-24 00:00:00,16.0,18.26878
2017-12-24 01:00:00,12.000000000000002,15.939272
2017-12-24 02:00:00,7.0,12.024997
2017-12-24 03:00:00,8.0,7.040757
2017-12-24 04:00:00,6.000000000000001,7.543755
2017-12-24 05:00:00,6.000000000000001,6.0208945
2017-12-24 06:00:00,6.000000000000001,5.730089
2017-12-24 07:00:00,7.0,5.75634
2017-12-24 08:00:00,8.0,6.8886423
2017-12-24 09:00:00,5.0,8.1627655
2017-12-24 10:00:00,6.000000000000001,6.246059
2017-12-24 11:00:00,4.0,6.3701706
2017-12-24 12:00:00,8.0,4.594781
2017-12-24 13:00:00,7.0,8.514077
2017-12-24 14:00:00,10.0,6.6571474
2017-12-24 15:00:00,6.000000000000001,11.358269
2017-12-24 16:00:00,5.0,5.540673
2017-12-24 16:00:00,5.0,5.1758604
2017-12-24 16:00:00,5.0,4.910284
2017-12-24 17:00:00,7.0,4.8508368
2017-12-24 17:00:00,7.0,9.216583
2017-12-24 17:00:00,7.0,8.041137
2017-12-24 18:00:00,6.000000000000001,7.228945
2017-12-24 18:00:00,6.000000000000001,4.3279276
2017-12-24 18:00:00,6.000000000000001,5.342917
2017-12-24 19:00:00,8.0,5.995617
2017-12-24 19:00:00,8.0,10.039978
2017-12-24 19:00:00,8.0,9.029003
2017-12-24 20:00:00,7.0,8.285273
2017-12-24 20:00:00,7.0,10.458492
2017-12-24 20:00:00,7.0,8.055695
2017-12-24 21:00:00,6.000000000000001,7.0384
2017-12-24 21:00:00,6.000000000000001,3.0204232
2017-12-24 21:00:00,6.000000000000001,5.0120554
2017-12-24 22:00:00,6.000000000000001,6.185265
2017-12-24 22:00:00,6.000000000000001,10.51398
2017-12-24 22:00:00,6.000000000000001,7.8834195
2017-12-24 23:00:00,7.0,6.609882
2017-12-24 23:00:00,7.0,8.1531925
2017-12-24 23:00:00,7.0,7.697702
2017-12-25 00:00:00,10.0,7.4574704
2017-12-25 00:00:00,10.0,10.644084
2017-12-25 00:00:00,10.0,10.661427
2017-12-25 01:00:00,18.0,10.412972
2017-12-25 01:00:00,18.0,16.574339
2017-12-25 01:00:00,18.0,18.261635
2017-12-25 02:00:00,19.0,18.339123
2017-12-25 02:00:00,19.0,17.563334
2017-12-25 02:00:00,19.0,18.663084
2017-12-25 03:00:00,33.0,18.965677
2017-12-25 03:00:00,33.0,32.188835
2017-12-25 03:00:00,33.0,33.673607
2017-12-25 04:00:00,40.0,33.142693
2017-12-25 04:00:00,40.0,40.312634
2017-12-25 04:00:00,40.0,40.06451
2017-12-25 05:00:00,48.99999999999999,39.54578
2017-12-25 05:00:00,48.99999999999999,46.897705
2017-12-25 05:00:00,48.99999999999999,48.35115
2017-12-25 06:00:00,48.99999999999999,48.367363
2017-12-25 06:00:00,48.99999999999999,47.631218
2017-12-25 06:00:00,48.99999999999999,47.822495
2017-12-25 07:00:00,45.0,47.85718
2017-12-25 07:00:00,45.0,43.405743
2017-12-25 07:00:00,45.0,43.40754
2017-12-25 08:00:00,41.0,43.717075
2017-12-25 08:00:00,41.0,40.528423
2017-12-25 08:00:00,41.0,39.884357
2017-12-25 09:00:00,43.0,39.917286
2017-12-25 09:00:00,43.0,43.58332
2017-12-25 09:00:00,43.0,42.74549
2017-12-25 10:00:00,46.0,42.352207
2017-12-25 10:00:00,46.0,46.277718
2017-12-25 10:00:00,46.0,45.820694
2017-12-25 11:00:00,45.0,45.502388
2017-12-25 11:00:00,45.0,46.39602
2017-12-25 11:00:00,45.0,44.787422
2017-12-25 12:00:00,50.0,44.28135
2017-12-25 12:00:00,50.0,54.401234
2017-12-25 12:00:00,50.0,50.537632
2017-12-25 13:00:00,51.0,49.29473
2017-12-25 13:00:00,51.0,49.67138
2017-12-25 13:00:00,51.0,50.141945
2017-12-25 14:00:00,47.00000000000001,50.25273
2017-12-25 14:00:00,47.00000000000001,44.581875
2017-12-25 14:00:00,47.00000000000001,45.70037
2017-12-25 15:00:00,39.0,46.18532
2017-12-25 15:00:00,39.0,36.601555
2017-12-25 15:00:00,39.0,37.547714
2017-12-25 16:00:00,34.0,38.262684
2017-12-25 17:00:00,26.0,31.180147
2017-12-25 18:00:00,14.0,23.252357
2017-12-25 19:00:00,8.0,10.062148
2017-12-25 20:00:00,4.0,5.3349986
2017-12-25 21:00:00,5.0,2.597516
2017-12-25 22:00:00,6.000000000000001,5.273242
2017-12-25 23:00:00,5.0,6.515798
2017-12-26 00:00:00,4.0,7.8523912
2017-12-26 01:00:00,8.999999999999998,6.731986
2017-12-26 02:00:00,12.000000000000002,9.412645
2017-12-26 03:00:00,18.0,13.714892
2017-12-26 04:00:00,20.0,20.031956
2017-12-26 05:00:00,17.0,18.581081
2017-12-26 06:00:00,18.0,15.471352
2017-12-26 07:00:00,19.0,15.451389
2017-12-26 08:00:00,23.0,18.08622
2017-12-26 09:00:00,22.0,22.637505
2017-12-26 10:00:00,25.0,21.588552
2017-12-26 11:00:00,32.0,24.313055
2017-12-26 12:00:00,34.0,34.20823
2017-12-26 13:00:00,38.0,35.78483
2017-12-26 14:00:00,39.0,38.876465
2017-12-26 15:00:00,50.0,40.401936
2017-12-26 16:00:00,51.0,53.486507
2017-12-26 17:00:00,48.99999999999999,51.564125
2017-12-26 18:00:00,48.99999999999999,48.166164
2017-12-26 19:00:00,50.0,47.469383
2017-12-26 20:00:00,48.99999999999999,47.620537
2017-12-26 21:00:00,52.0,47.884537
2017-12-26 22:00:00,48.00000000000001,50.79357
2017-12-26 23:00:00,47.00000000000001,47.717064
2017-12-27 00:00:00,48.00000000000001,45.81152
2017-12-27 01:00:00,57.0,46.53709
2017-12-27 02:00:00,59.99999999999999,56.30855
2017-12-27 03:00:00,59.99999999999999,60.686672
2017-12-27 04:00:00,59.99999999999999,59.8832
2017-12-27 05:00:00,59.99999999999999,59.8623
2017-12-27 06:00:00,73.0,59.112423
2017-12-27 07:00:00,100.0,73.017006
2017-12-27 08:00:00,94.00000000000001,101.141205
2017-12-27 09:00:00,90.0,94.581
2017-12-27 10:00:00,94.00000000000001,90.56234
2017-12-27 11:00:00,96.00000000000001,94.16609
2017-12-27 12:00:00,114.0,95.08459
2017-12-27 13:00:00,116.00000000000001,112.19544
2017-12-27 14:00:00,116.00000000000001,113.659325
2017-12-27 15:00:00,115.00000000000001,114.991486
2017-12-27 16:00:00,113.0,112.497475
2017-12-27 17:00:00,113.0,111.30381
2017-12-27 18:00:00,99.0,111.757805
2017-12-27 19:00:00,96.99999999999999,96.24694
2017-12-27 20:00:00,96.99999999999999,95.34938
2017-12-27 21:00:00,56.0,95.15989
2017-12-27 22:00:00,57.0,49.795433
2017-12-27 23:00:00,59.99999999999999,52.417107
2017-12-28 00:00:00,76.0,58.202744
2017-12-28 01:00:00,114.0,79.009056
2017-12-28 02:00:00,112.0,122.17507
2017-12-28 03:00:00,90.0,109.85931
2017-12-28 04:00:00,94.00000000000001,81.29512
2017-12-28 05:00:00,99.0,91.80246
2017-12-28 06:00:00,114.0,98.39273
2017-12-28 07:00:00,116.00000000000001,117.30271
2017-12-28 08:00:00,126.0,116.4705
2017-12-28 09:00:00,134.0,128.83263
2017-12-28 10:00:00,147.0,135.13162
2017-12-28 11:00:00,154.0,146.6831
2017-12-28 12:00:00,163.0,152.57289
2017-12-28 13:00:00,158.0,159.44716
2017-12-28 14:00:00,160.0,154.51674
2017-12-28 15:00:00,163.0,157.4603
2017-12-28 16:00:00,161.0,162.6695
2017-12-28 17:00:00,166.0,158.95395
2017-12-28 18:00:00,170.0,164.12794
2017-12-28 19:00:00,169.0,169.5356
2017-12-28 20:00:00,161.0,171.07463
2017-12-28 21:00:00,166.0,154.41695
2017-12-28 22:00:00,153.0,161.90944
2017-12-28 23:00:00,104.0,146.9217
2017-12-29 00:00:00,102.0,94.61306
2017-12-29 01:00:00,127.0,97.01717
2017-12-29 02:00:00,131.0,126.55641
2017-12-29 03:00:00,111.0,131.19937
2017-12-29 04:00:00,121.0,105.863434
2017-12-29 05:00:00,153.0,120.02505
2017-12-29 06:00:00,227.0,164.09224
2017-12-29 07:00:00,247.0,246.47061
2017-12-29 08:00:00,237.99999999999997,248.84474
2017-12-29 09:00:00,227.0,232.41016
2017-12-29 10:00:00,226.0,227.11922
2017-12-29 11:00:00,216.0,226.01245
2017-12-29 12:00:00,213.0,212.84955
2017-12-29 13:00:00,214.0,210.62082
2017-12-29 14:00:00,214.0,210.81071
2017-12-29 15:00:00,215.0,211.68398
2017-12-29 16:00:00,218.0,211.23444
2017-12-29 17:00:00,221.0,214.5554
2017-12-29 18:00:00,222.0,219.1519
2017-12-29 19:00:00,224.0,218.71281
2017-12-29 20:00:00,228.0,221.67883
2017-12-29 21:00:00,234.00000000000003,226.5796
2017-12-29 22:00:00,230.00000000000003,234.84146
2017-12-29 23:00:00,225.0,224.96175
2017-12-30 00:00:00,231.00000000000003,224.67197
2017-12-30 01:00:00,230.00000000000003,229.7519
2017-12-30 02:00:00,221.0,227.41753
2017-12-30 03:00:00,166.0,220.65115
2017-12-30 04:00:00,114.0,154.87157
2017-12-30 05:00:00,35.0,104.03032
2017-12-30 06:00:00,12.000000000000002,18.036226
2017-12-30 07:00:00,19.0,2.770749
2017-12-30 08:00:00,16.0,11.995821
2017-12-30 09:00:00,17.0,13.782812
2017-12-30 10:00:00,20.0,16.692764
2017-12-30 11:00:00,14.999999999999998,20.197918
2017-12-30 12:00:00,18.0,18.841728
2017-12-30 13:00:00,17.0,22.461342
2017-12-30 14:00:00,14.999999999999998,19.045326
2017-12-30 15:00:00,14.999999999999998,18.734774
2017-12-30 16:00:00,7.0,16.749926
2017-12-30 17:00:00,6.000000000000001,8.384614
2017-12-30 18:00:00,8.999999999999998,3.56705
2017-12-30 19:00:00,8.0,7.826565
2017-12-30 20:00:00,8.0,9.871373
2017-12-30 21:00:00,8.0,11.624506
2017-12-30 22:00:00,14.0,10.231073
2017-12-30 23:00:00,12.000000000000002,16.500113
2017-12-31 00:00:00,13.0,14.081504
2017-12-31 01:00:00,18.0,14.006579
2017-12-31 02:00:00,20.0,16.799288
2017-12-31 03:00:00,25.0,19.273857
2017-12-31 04:00:00,23.0,21.816727
2017-12-31 05:00:00,41.0,21.840355
2017-12-31 06:00:00,47.00000000000001,39.806015
2017-12-31 07:00:00,38.0,50.325974
2017-12-31 08:00:00,42.0,37.056297
2017-12-31 09:00:00,37.0,40.078922
2017-12-31 10:00:00,42.0,37.562435
2017-12-31 11:00:00,48.99999999999999,44.124035
2017-12-31 12:00:00,67.0,53.101612
2017-12-31 13:00:00,58.99999999999999,67.855194
2017-12-31 14:00:00,61.0,59.4207
2017-12-31 15:00:00,74.0,62.05941
2017-12-31 16:00:00,63.0,80.04697
2017-12-31 17:00:00,37.0,55.84248
2017-12-31 18:00:00,41.0,31.721033
2017-12-31 19:00:00,43.0,37.90507
2017-12-31 20:00:00,33.0,41.199833
2017-12-31 21:00:00,36.0,31.584612
2017-12-31 22:00:00,17.0,33.171543
2017-12-31 23:00:00,16.0,13.027634
2018-01-01 00:00:00,14.0,14.272919
2018-01-01 01:00:00,13.0,13.163516
2018-01-01 02:00:00,10.0,11.414186
2018-01-01 03:00:00,11.0,9.405485
2018-01-01 04:00:00,11.0,9.3751545
2018-01-01 05:00:00,11.0,9.90361
2018-01-01 06:00:00,14.0,10.687472
2018-01-01 07:00:00,13.0,15.577569
2018-01-01 08:00:00,19.0,16.414555
2018-01-01 09:00:00,36.0,21.112257
2018-01-01 10:00:00,58.00000000000001,40.41555
2018-01-01 11:00:00,72.0,67.35715
2018-01-01 12:00:00,77.0,79.47404
2018-01-01 13:00:00,66.0,81.854256
2018-01-01 14:00:00,57.0,58.65397
2018-01-01 15:00:00,43.0,46.391304
2018-01-01 16:00:00,31.0,31.345993
2018-01-01 17:00:00,31.0,25.842997
2018-01-01 18:00:00,34.0,28.420465
2018-01-01 19:00:00,41.0,35.41645
2018-01-01 20:00:00,45.0,42.787098
2018-01-01 21:00:00,57.0,46.059612
2018-01-01 22:00:00,66.0,62.83684
2018-01-01 23:00:00,50.0,67.730225
2018-01-02 00:00:00,31.0,45.61054
2018-01-02 01:00:00,29.999999999999996,27.200207
2018-01-02 02:00:00,26.0,26.467995
2018-01-02 03:00:00,18.0,22.907547
2018-01-02 04:00:00,16.0,15.020867
2018-01-02 05:00:00,25.0,14.293849
2018-01-02 06:00:00,21.0,25.184423
2018-01-02 07:00:00,14.999999999999998,20.340267
2018-01-02 08:00:00,11.0,14.000698
2018-01-02 09:00:00,14.999999999999998,10.61529
2018-01-02 10:00:00,10.0,15.013175
2018-01-02 11:00:00,14.0,12.165726
2018-01-02 12:00:00,10.0,15.522382
2018-01-02 13:00:00,6.000000000000001,8.888894
2018-01-02 14:00:00,4.0,4.011937
2018-01-02 15:00:00,3.0000000000000004,3.242086
2018-01-02 16:00:00,4.0,2.4709885
2018-01-02 17:00:00,7.0,3.8935053
2018-01-02 18:00:00,10.0,7.4433966
2018-01-02 19:00:00,6.000000000000001,12.978106
2018-01-02 20:00:00,7.0,6.7081876
2018-01-02 21:00:00,6.000000000000001,6.8405156
2018-01-02 22:00:00,8.999999999999998,7.114551
2018-01-02 23:00:00,12.000000000000002,8.849396
2018-01-03 00:00:00,8.999999999999998,13.12193
2018-01-03 01:00:00,8.0,9.253547
2018-01-03 02:00:00,10.0,6.7557554
2018-01-03 03:00:00,10.0,8.598862
2018-01-03 04:00:00,13.0,9.31996
2018-01-03 05:00:00,12.000000000000002,12.261291
2018-01-03 06:00:00,12.000000000000002,12.169359
2018-01-03 07:00:00,10.0,11.185515
2018-01-03 08:00:00,4.0,9.851669
2018-01-03 09:00:00,14.0,5.3809266
2018-01-03 10:00:00,17.0,13.835306
2018-01-03 11:00:00,16.0,20.098497
2018-01-03 12:00:00,16.0,17.580662
2018-01-03 13:00:00,19.0,16.624344
2018-01-03 14:00:00,19.0,18.480131
2018-01-03 15:00:00,16.0,18.316782
2018-01-03 16:00:00,10.0,13.82991
2018-01-03 17:00:00,11.0,8.884844
2018-01-03 18:00:00,10.0,9.336266
2018-01-03 19:00:00,10.0,11.186378
2018-01-03 20:00:00,8.999999999999998,9.591177
2018-01-03 21:00:00,8.999999999999998,9.064251
2018-01-03 22:00:00,7.0,8.258631
2018-01-03 23:00:00,6.000000000000001,6.8315325
2018-01-04 00:00:00,10.0,6.247349
2018-01-04 01:00:00,8.999999999999998,10.188979
2018-01-04 02:00:00,12.000000000000002,10.059401
2018-01-04 03:00:00,12.000000000000002,11.661846
2018-01-04 04:00:00,12.000000000000002,11.152597
2018-01-04 05:00:00,7.0,11.093131
2018-01-04 06:00:00,8.0,7.3082304
2018-01-04 07:00:00,11.0,8.194431
2018-01-04 08:00:00,13.0,11.639422
2018-01-04 09:00:00,14.999999999999998,14.435418
2018-01-04 10:00:00,19.0,15.8294325
2018-01-04 11:00:00,17.0,18.78591
2018-01-04 12:00:00,21.0,17.365095
2018-01-04 13:00:00,22.0,20.442339
2018-01-04 14:00:00,25.0,21.885277
2018-01-04 15:00:00,29.999999999999996,24.64255
2018-01-04 16:00:00,29.000000000000004,29.454044
2018-01-04 17:00:00,33.0,29.23256
2018-01-04 18:00:00,32.0,32.473675
2018-01-04 19:00:00,35.0,32.016987
2018-01-04 20:00:00,32.0,34.40856
2018-01-04 21:00:00,38.0,32.037865
2018-01-04 22:00:00,50.0,36.863926
2018-01-04 23:00:00,50.0,48.58625
2018-01-05 00:00:00,25.0,50.32664
2018-01-05 01:00:00,20.0,32.32953
2018-01-05 02:00:00,24.000000000000004,18.876345
2018-01-05 03:00:00,29.000000000000004,21.368412
2018-01-05 04:00:00,23.0,27.78524
2018-01-05 05:00:00,18.0,21.044954
2018-01-05 06:00:00,16.0,14.651344
2018-01-05 07:00:00,19.0,13.80128
2018-01-05 08:00:00,19.0,18.687998
2018-01-05 09:00:00,23.0,20.317804
2018-01-05 10:00:00,24.000000000000004,25.650103
2018-01-05 11:00:00,17.0,29.071589
2018-01-05 12:00:00,19.0,19.634035
2018-01-05 13:00:00,38.0,18.497917
2018-01-05 14:00:00,43.0,37.125725
2018-01-05 15:00:00,41.0,44.41755
2018-01-05 16:00:00,21.0,43.493046
2018-01-05 17:00:00,8.0,16.981604
2018-01-05 18:00:00,13.0,-1.2470661
2018-01-05 19:00:00,11.0,12.948226
2018-01-05 20:00:00,7.0,10.706345
2018-01-05 21:00:00,8.0,4.2092004
2018-01-05 22:00:00,5.0,7.1462145
2018-01-05 23:00:00,7.0,5.427402
2018-01-06 00:00:00,8.0,6.949733
2018-01-06 01:00:00,7.0,7.3030086
2018-01-06 02:00:00,11.0,8.356067
2018-01-06 03:00:00,8.999999999999998,10.638463
2018-01-06 04:00:00,12.000000000000002,9.178401
2018-01-06 05:00:00,12.000000000000002,11.310063
2018-01-06 06:00:00,8.999999999999998,12.285583
2018-01-06 07:00:00,8.0,8.01886
2018-01-06 08:00:00,6.000000000000001,7.727424
2018-01-06 09:00:00,8.0,6.1656213
2018-01-06 10:00:00,5.0,9.240551
2018-01-06 11:00:00,14.0,8.401414
2018-01-06 12:00:00,18.0,16.808146
2018-01-06 13:00:00,26.0,21.767159
2018-01-06 14:00:00,29.000000000000004,28.339619
2018-01-06 15:00:00,41.0,29.01335
2018-01-06 16:00:00,48.99999999999999,40.180023
2018-01-06 17:00:00,61.0,50.362843
2018-01-06 18:00:00,54.0,62.96207
2018-01-06 19:00:00,68.0,65.527756
2018-01-06 20:00:00,56.0,71.750946
2018-01-06 21:00:00,57.0,49.329796
2018-01-06 22:00:00,56.0,52.0425
2018-01-06 23:00:00,53.0,51.992344
2018-01-07 00:00:00,47.00000000000001,47.171642
2018-01-07 01:00:00,42.0,41.50781
2018-01-07 02:00:00,44.0,39.572506
2018-01-07 03:00:00,53.0,43.178158
2018-01-07 04:00:00,48.00000000000001,52.699574
2018-01-07 05:00:00,44.0,44.19411
2018-01-07 06:00:00,34.0,38.308422
2018-01-07 07:00:00,20.0,28.98394
2018-01-07 08:00:00,19.0,17.977383
2018-01-07 09:00:00,20.0,17.833632
2018-01-07 10:00:00,26.0,19.697886
2018-01-07 11:00:00,25.0,25.312521
2018-01-07 12:00:00,20.0,24.412481
2018-01-07 13:00:00,20.0,20.500334
2018-01-07 14:00:00,18.0,19.859375
2018-01-07 15:00:00,13.0,18.344385
2018-01-07 16:00:00,13.0,12.82523
2018-01-07 17:00:00,14.999999999999998,13.15032
2018-01-07 18:00:00,24.000000000000004,15.475609
2018-01-07 19:00:00,16.0,23.682411
2018-01-07 20:00:00,17.0,16.833773
2018-01-07 21:00:00,20.0,15.888391
2018-01-07 22:00:00,26.0,19.102987
2018-01-07 23:00:00,22.0,26.271954
2018-01-08 00:00:00,19.0,22.95122
2018-01-08 01:00:00,14.999999999999998,19.190184
2018-01-08 02:00:00,14.0,14.251417
2018-01-08 03:00:00,10.0,11.8847275
2018-01-08 04:00:00,8.999999999999998,8.558416
2018-01-08 05:00:00,11.0,7.673145
2018-01-08 06:00:00,12.000000000000002,9.485251
2018-01-08 07:00:00,10.0,11.142742
2018-01-08 08:00:00,8.0,10.095546
2018-01-08 09:00:00,10.0,8.044239
2018-01-08 10:00:00,4.0,9.790661
2018-01-08 11:00:00,7.0,5.722062
2018-01-08 12:00:00,7.0,6.602301
2018-01-08 13:00:00,8.0,6.7944236
2018-01-08 14:00:00,5.0,7.8150363
2018-01-08 15:00:00,5.0,5.169134
2018-01-08 16:00:00,5.0,4.5467362
2018-01-08 17:00:00,6.000000000000001,5.4886475
2018-01-08 18:00:00,4.0,5.550302
2018-01-08 19:00:00,3.0000000000000004,3.9942706
2018-01-08 20:00:00,4.0,2.8605793
2018-01-08 21:00:00,3.0000000000000004,3.5463586
2018-01-08 22:00:00,6.000000000000001,3.1903508
2018-01-08 23:00:00,7.0,5.721056
2018-01-09 00:00:00,7.0,7.641607
2018-01-09 01:00:00,8.0,7.5715437
2018-01-09 02:00:00,11.0,7.6153436
2018-01-09 03:00:00,8.0,10.116011
2018-01-09 04:00:00,7.0,7.814269
2018-01-09 05:00:00,8.999999999999998,6.093188
2018-01-09 06:00:00,7.0,7.9572434
2018-01-09 07:00:00,14.0,6.9515643
2018-01-09 08:00:00,4.0,12.65352
2018-01-09 09:00:00,4.0,5.2566004
2018-01-09 10:00:00,3.0000000000000004,3.8570912
2018-01-09 11:00:00,7.0,3.3578255
2018-01-09 12:00:00,3.0000000000000004,6.0656996
2018-01-09 13:00:00,3.0000000000000004,4.3642025
2018-01-09 14:00:00,3.0000000000000004,2.459027
2018-01-09 15:00:00,6.000000000000001,2.064988
2018-01-09 16:00:00,5.0,5.07384
2018-01-09 17:00:00,4.0,5.4087763
2018-01-09 18:00:00,6.000000000000001,4.603185
2018-01-09 19:00:00,3.0000000000000004,5.9025316
2018-01-09 20:00:00,4.0,3.3623998
2018-01-09 21:00:00,3.0000000000000004,3.6882246
2018-01-09 22:00:00,4.0,3.6921234
2018-01-09 23:00:00,4.0,3.8768876
2018-01-10 00:00:00,5.0,5.9286475
2018-01-10 01:00:00,6.000000000000001,5.365568
2018-01-10 02:00:00,6.000000000000001,5.811834
2018-01-10 03:00:00,5.0,4.7182255
2018-01-10 04:00:00,8.999999999999998,4.4381022
2018-01-10 05:00:00,7.0,6.9356656
2018-01-10 06:00:00,8.0,6.4667974
2018-01-10 07:00:00,8.0,7.5590687
2018-01-10 08:00:00,4.0,7.8949294
2018-01-10 09:00:00,3.0000000000000004,4.660275
2018-01-10 10:00:00,6.000000000000001,3.084953
2018-01-10 11:00:00,6.000000000000001,6.6402225
2018-01-10 12:00:00,6.000000000000001,5.7373743
2018-01-10 13:00:00,7.0,5.736439
2018-01-10 14:00:00,6.000000000000001,6.182705
2018-01-10 15:00:00,8.999999999999998,5.737838
2018-01-10 16:00:00,4.0,8.037966
2018-01-10 17:00:00,6.000000000000001,4.3427877
2018-01-10 18:00:00,5.0,5.564667
2018-01-10 19:00:00,3.0000000000000004,5.845292
2018-01-10 20:00:00,6.000000000000001,3.6950953
2018-01-10 21:00:00,7.0,5.9444137
2018-01-10 22:00:00,6.000000000000001,6.7804
2018-01-10 23:00:00,8.0,6.8568234
2018-01-11 00:00:00,6.000000000000001,9.080018
2018-01-11 01:00:00,6.000000000000001,6.8247585
2018-01-11 02:00:00,11.0,4.814812
2018-01-11 03:00:00,6.000000000000001,9.806264
2018-01-11 04:00:00,8.0,5.902157
2018-01-11 05:00:00,5.0,6.6501617
2018-01-11 06:00:00,5.0,4.964039
2018-01-11 07:00:00,5.0,4.722609
2018-01-11 08:00:00,7.0,4.2049055
2018-01-11 09:00:00,8.0,7.3528953
2018-01-11 10:00:00,8.0,9.948041
2018-01-11 11:00:00,12.000000000000002,10.400123
2018-01-11 12:00:00,20.0,16.680954
2018-01-11 13:00:00,29.000000000000004,24.415985
2018-01-11 14:00:00,29.999999999999996,30.681032
2018-01-11 15:00:00,29.999999999999996,32.317795
2018-01-11 16:00:00,40.0,31.492983
2018-01-11 17:00:00,59.99999999999999,39.17755
2018-01-11 18:00:00,66.0,58.885834
2018-01-11 19:00:00,63.0,67.04101
2018-01-11 20:00:00,21.0,63.825626
2018-01-11 21:00:00,19.0,20.070425
2018-01-11 22:00:00,22.0,13.230382
2018-01-11 23:00:00,19.0,18.218063
2018-01-12 00:00:00,24.000000000000004,18.084816
2018-01-12 01:00:00,17.0,27.40207
2018-01-12 02:00:00,26.0,14.013963
2018-01-12 03:00:00,36.0,26.545502
2018-01-12 04:00:00,44.0,37.386257
2018-01-12 05:00:00,42.0,44.369984
2018-01-12 06:00:00,41.0,42.221283
2018-01-12 07:00:00,45.0,39.65066
2018-01-12 08:00:00,48.99999999999999,44.877632
2018-01-12 09:00:00,55.0,51.215424
2018-01-12 10:00:00,111.0,50.297718
2018-01-12 11:00:00,118.99999999999999,119.8785
2018-01-12 12:00:00,123.0,125.29711
2018-01-12 13:00:00,129.0,125.29048
2018-01-12 14:00:00,132.0,129.38103
2018-01-12 15:00:00,127.0,132.84898
2018-01-12 16:00:00,94.00000000000001,125.66554
2018-01-12 17:00:00,81.0,87.054985
2018-01-12 18:00:00,76.0,76.63782
2018-01-12 19:00:00,65.0,73.21169
2018-01-12 20:00:00,42.0,57.078434
2018-01-12 21:00:00,28.0,35.459465
2018-01-12 22:00:00,31.0,22.233795
2018-01-12 23:00:00,42.0,27.769548
2018-01-13 00:00:00,48.99999999999999,44.000885
2018-01-13 01:00:00,38.0,50.957874
2018-01-13 02:00:00,29.999999999999996,35.91237
2018-01-13 03:00:00,31.0,25.00115
2018-01-13 04:00:00,36.0,28.55082
2018-01-13 05:00:00,45.0,36.627945
2018-01-13 06:00:00,47.00000000000001,46.280552
2018-01-13 07:00:00,53.0,49.48844
2018-01-13 08:00:00,81.0,57.0231
2018-01-13 09:00:00,153.0,89.82374
2018-01-13 10:00:00,190.00000000000003,166.86975
2018-01-13 11:00:00,193.99999999999997,204.73964
2018-01-13 12:00:00,200.0,196.35713
2018-01-13 13:00:00,196.99999999999997,199.40479
2018-01-13 14:00:00,213.0,194.7185
2018-01-13 15:00:00,201.0,215.23567
2018-01-13 16:00:00,192.99999999999997,194.54926
2018-01-13 17:00:00,198.0,188.11243
2018-01-13 18:00:00,198.0,192.58244
2018-01-13 19:00:00,201.0,192.77821
2018-01-13 20:00:00,192.99999999999997,200.84213
2018-01-13 21:00:00,173.0,188.86563
2018-01-13 22:00:00,176.0,166.3461
2018-01-13 23:00:00,174.0,173.5684
2018-01-14 00:00:00,179.0,169.41632
2018-01-14 01:00:00,190.00000000000003,176.51819
2018-01-14 02:00:00,191.00000000000003,189.73785
2018-01-14 03:00:00,184.0,187.9001
2018-01-14 04:00:00,190.00000000000003,179.86131
2018-01-14 05:00:00,115.00000000000001,192.39294
2018-01-14 06:00:00,61.0,95.82889
2018-01-14 07:00:00,44.0,53.757183
2018-01-14 08:00:00,35.0,35.51624
2018-01-14 09:00:00,29.000000000000004,25.664036
2018-01-14 10:00:00,121.0,23.572481
2018-01-14 11:00:00,96.99999999999999,131.66704
2018-01-14 12:00:00,89.0,100.076294
2018-01-14 13:00:00,72.0,89.76353
2018-01-14 14:00:00,46.0,68.44557
2018-01-14 15:00:00,24.000000000000004,43.3907
2018-01-14 16:00:00,14.0,18.916285
2018-01-14 17:00:00,10.0,9.80523
2018-01-14 18:00:00,11.0,7.597366
2018-01-14 19:00:00,13.0,9.21243
2018-01-14 20:00:00,11.0,11.876102
2018-01-14 21:00:00,8.999999999999998,11.389849
2018-01-14 22:00:00,14.999999999999998,9.182162
2018-01-14 23:00:00,14.0,14.7470255
2018-01-15 00:00:00,8.999999999999998,16.314283
2018-01-15 01:00:00,20.0,12.076121
2018-01-15 02:00:00,17.0,18.096401
2018-01-15 03:00:00,22.0,18.731457
2018-01-15 04:00:00,29.000000000000004,23.672007
2018-01-15 05:00:00,25.0,30.348099
2018-01-15 06:00:00,26.0,26.9809
2018-01-15 07:00:00,31.0,30.326904
2018-01-15 08:00:00,39.0,33.331387
2018-01-15 09:00:00,54.0,38.75776
2018-01-15 10:00:00,55.0,54.74389
2018-01-15 11:00:00,58.99999999999999,57.176968
2018-01-15 12:00:00,62.0,59.626682
2018-01-15 13:00:00,48.00000000000001,60.5997
2018-01-15 14:00:00,63.0,45.59735
2018-01-15 15:00:00,71.0,64.30071
2018-01-15 16:00:00,68.0,69.60398
2018-01-15 17:00:00,57.0,62.56216
2018-01-15 18:00:00,48.00000000000001,52.18572
2018-01-15 19:00:00,50.0,45.68519
2018-01-15 20:00:00,40.0,45.77227
2018-01-15 21:00:00,45.0,30.48337
2018-01-15 22:00:00,45.0,39.83576
2018-01-15 23:00:00,44.0,45.214672
2018-01-16 00:00:00,38.0,45.874355
2018-01-16 01:00:00,40.0,40.04414
2018-01-16 02:00:00,38.0,37.29603
2018-01-16 03:00:00,32.0,36.476357
2018-01-16 04:00:00,26.0,31.420307
2018-01-16 05:00:00,25.0,24.786951
2018-01-16 06:00:00,29.000000000000004,23.446806
2018-01-16 07:00:00,29.999999999999996,27.731554
2018-01-16 08:00:00,36.0,31.41507
2018-01-16 09:00:00,48.00000000000001,36.944027
2018-01-16 10:00:00,42.0,49.997486
2018-01-16 11:00:00,55.0,44.00361
2018-01-16 12:00:00,58.99999999999999,55.5006
2018-01-16 13:00:00,65.0,63.005253
2018-01-16 14:00:00,66.0,65.557304
2018-01-16 15:00:00,69.0,64.917076
2018-01-16 16:00:00,54.0,71.01787
2018-01-16 17:00:00,54.0,53.933617
2018-01-16 18:00:00,65.0,52.313164
2018-01-16 19:00:00,66.0,63.886112
2018-01-16 20:00:00,65.0,64.9124
2018-01-16 21:00:00,64.0,64.1847
2018-01-16 22:00:00,65.0,66.08098
2018-01-16 23:00:00,63.0,65.29181
2018-01-17 00:00:00,64.0,62.361637
2018-01-17 01:00:00,71.0,61.861683
2018-01-17 02:00:00,77.0,70.97595
2018-01-17 03:00:00,73.0,75.0
2018-01-17 04:00:00,69.0,69.74309
2018-01-17 05:00:00,43.0,63.68162
2018-01-17 06:00:00,18.0,33.24292
2018-01-17 07:00:00,7.0,10.291105
2018-01-17 08:00:00,10.0,1.2689123
2018-01-17 09:00:00,6.000000000000001,6.680816
2018-01-17 10:00:00,6.000000000000001,5.9818425
2018-01-17 11:00:00,6.000000000000001,6.7592993
2018-01-17 12:00:00,12.000000000000002,6.9530463
2018-01-17 13:00:00,6.000000000000001,15.128806
2018-01-17 14:00:00,10.0,9.57893
2018-01-17 15:00:00,13.0,10.4308815
2018-01-17 16:00:00,13.0,15.802047
2018-01-17 17:00:00,14.0,16.322403
2018-01-17 18:00:00,16.0,16.811848
2018-01-17 19:00:00,8.999999999999998,16.952242
2018-01-17 20:00:00,8.999999999999998,10.368129
2018-01-17 21:00:00,13.0,10.351606
2018-01-17 22:00:00,14.999999999999998,11.839933
2018-01-17 23:00:00,11.0,14.992819
2018-01-18 00:00:00,12.000000000000002,7.7104325
2018-01-18 01:00:00,19.0,15.031536
2018-01-18 02:00:00,19.0,21.140686
2018-01-18 03:00:00,19.0,19.060598
2018-01-18 04:00:00,21.0,20.947657
2018-01-18 05:00:00,35.0,19.77939
2018-01-18 06:00:00,64.0,31.933884
2018-01-18 07:00:00,62.0,64.99295
2018-01-18 08:00:00,74.0,65.66278
2018-01-18 09:00:00,86.0,76.363205
2018-01-18 10:00:00,117.99999999999999,89.99373
2018-01-18 11:00:00,135.0,126.80438
2018-01-18 12:00:00,144.0,138.07176
2018-01-18 13:00:00,138.0,147.29198
2018-01-18 14:00:00,137.0,136.53355
2018-01-18 15:00:00,141.0,135.00905
2018-01-18 16:00:00,136.0,140.95908
2018-01-18 17:00:00,112.0,133.79126
2018-01-18 18:00:00,101.0,110.2807
2018-01-18 19:00:00,96.00000000000001,94.72274
2018-01-18 20:00:00,100.0,85.414635
2018-01-18 21:00:00,92.0,92.23381
2018-01-18 22:00:00,92.0,86.476234
2018-01-18 23:00:00,79.0,89.53448
2018-01-19 00:00:00,73.0,75.793564
2018-01-19 01:00:00,67.0,69.170654
2018-01-19 02:00:00,68.0,61.81663
2018-01-19 03:00:00,54.0,69.49782
2018-01-19 04:00:00,50.0,48.765076
2018-01-19 05:00:00,37.0,46.598866
2018-01-19 06:00:00,14.999999999999998,28.958597
2018-01-19 07:00:00,20.0,8.339137
2018-01-19 08:00:00,33.0,16.818188
2018-01-19 09:00:00,71.0,35.720097
2018-01-19 10:00:00,96.00000000000001,79.64975
2018-01-19 11:00:00,141.0,107.370766
2018-01-19 12:00:00,155.0,154.40431
2018-01-19 13:00:00,170.0,161.53354
2018-01-19 14:00:00,168.0,176.4176
2018-01-19 15:00:00,90.0,168.27007
2018-01-19 16:00:00,23.0,73.44142
2018-01-19 17:00:00,19.0,11.700512
2018-01-19 18:00:00,23.0,12.739294
2018-01-19 19:00:00,29.999999999999996,20.34502
2018-01-19 20:00:00,32.0,30.570108
2018-01-19 21:00:00,19.0,31.274382
2018-01-19 22:00:00,10.0,11.848886
2018-01-19 23:00:00,14.0,7.3031106
2018-01-20 00:00:00,13.0,13.00091
2018-01-20 01:00:00,11.0,13.479893
2018-01-20 02:00:00,16.0,11.031757
2018-01-20 03:00:00,28.0,16.334024
2018-01-20 04:00:00,54.0,32.172085
2018-01-20 05:00:00,63.0,60.825264
2018-01-20 06:00:00,70.0,63.136894
2018-01-20 07:00:00,67.0,68.99164
2018-01-20 08:00:00,51.0,62.87386
2018-01-20 09:00:00,39.0,47.796844
2018-01-20 10:00:00,28.0,36.482346
2018-01-20 11:00:00,24.000000000000004,25.70213
2018-01-20 12:00:00,19.0,21.573446
2018-01-20 13:00:00,23.0,17.407816
2018-01-20 14:00:00,27.0,21.388895
2018-01-20 15:00:00,31.0,26.735645
2018-01-20 16:00:00,23.0,32.227573
2018-01-20 17:00:00,19.0,24.23384
2018-01-20 18:00:00,24.000000000000004,17.908178
2018-01-20 19:00:00,29.000000000000004,25.583124
2018-01-20 20:00:00,35.0,33.87744
2018-01-20 21:00:00,41.0,41.03122
2018-01-20 22:00:00,41.0,44.413074
2018-01-20 23:00:00,35.0,40.403362
2018-01-21 00:00:00,34.0,33.235195
2018-01-21 01:00:00,29.000000000000004,28.860125
2018-01-21 02:00:00,32.0,24.300009
2018-01-21 03:00:00,34.0,31.921515
2018-01-21 04:00:00,36.0,32.12797
2018-01-21 05:00:00,39.0,34.998047
2018-01-21 06:00:00,43.0,38.678383
2018-01-21 07:00:00,46.0,40.517784
2018-01-21 08:00:00,41.0,43.14156
2018-01-21 09:00:00,39.0,36.93009
2018-01-21 10:00:00,40.0,39.304466
2018-01-21 11:00:00,41.0,42.101997
2018-01-21 12:00:00,41.0,40.761936
2018-01-21 13:00:00,39.0,40.28429
2018-01-21 14:00:00,41.0,38.005062
2018-01-21 15:00:00,41.0,39.704636
2018-01-21 16:00:00,41.0,40.605858
2018-01-21 17:00:00,44.0,43.10866
2018-01-21 18:00:00,50.0,43.30163
2018-01-21 19:00:00,51.0,48.158928
2018-01-21 20:00:00,48.00000000000001,49.543343
2018-01-21 21:00:00,55.0,47.366898
2018-01-21 22:00:00,58.00000000000001,53.13381
2018-01-21 23:00:00,50.0,57.53403
2018-01-22 00:00:00,29.000000000000004,49.621975
2018-01-22 01:00:00,14.0,26.174103
2018-01-22 02:00:00,13.0,7.7782025
2018-01-22 03:00:00,13.0,8.401191
2018-01-22 04:00:00,12.000000000000002,11.854882
2018-01-22 05:00:00,8.0,11.182043
2018-01-22 06:00:00,5.0,6.702284
2018-01-22 07:00:00,10.0,4.2201037
2018-01-22 08:00:00,6.000000000000001,8.603316
2018-01-22 09:00:00,8.0,6.9631004
2018-01-22 10:00:00,8.0,8.220688
2018-01-22 11:00:00,7.0,7.8995113
2018-01-22 12:00:00,5.0,7.3097095
2018-01-22 13:00:00,5.0,5.707006
2018-01-22 14:00:00,8.0,4.4877768
2018-01-22 15:00:00,10.0,7.660279
2018-01-22 16:00:00,4.0,8.754909
2018-01-22 17:00:00,7.0,4.271528
2018-01-22 18:00:00,5.0,6.6194634
2018-01-22 19:00:00,6.000000000000001,5.233693
2018-01-22 20:00:00,6.000000000000001,5.4768515
2018-01-22 21:00:00,5.0,5.5649347
2018-01-22 22:00:00,6.000000000000001,4.485691
2018-01-22 23:00:00,7.0,5.552328
2018-01-23 00:00:00,5.0,6.917391
2018-01-23 01:00:00,5.0,5.9562254
2018-01-23 02:00:00,5.0,5.140952
2018-01-23 03:00:00,3.0000000000000004,3.752699
2018-01-23 04:00:00,7.0,2.2244465
2018-01-23 05:00:00,7.0,5.793745
2018-01-23 06:00:00,8.0,6.7057004
2018-01-23 07:00:00,7.0,7.5727015
2018-01-23 08:00:00,6.000000000000001,6.801135
2018-01-23 09:00:00,7.0,6.0258183
2018-01-23 10:00:00,7.0,7.099644
2018-01-23 11:00:00,7.0,7.8633194
2018-01-23 12:00:00,10.0,6.983694
2018-01-23 13:00:00,11.0,9.925232
2018-01-23 14:00:00,32.0,11.790094
2018-01-23 15:00:00,37.0,35.275562
2018-01-23 16:00:00,26.0,40.336227
2018-01-23 17:00:00,5.0,24.499998
2018-01-23 18:00:00,6.000000000000001,1.1287851
2018-01-23 19:00:00,5.0,3.3009543
2018-01-23 20:00:00,5.0,1.423096
2018-01-23 21:00:00,3.0000000000000004,4.1797724
2018-01-23 22:00:00,5.0,4.2439632
2018-01-23 23:00:00,6.000000000000001,6.5501304
2018-01-24 00:00:00,5.0,5.951806
2018-01-24 01:00:00,11.0,5.9606504
2018-01-24 02:00:00,10.0,11.678572
2018-01-24 03:00:00,10.0,10.821285
2018-01-24 04:00:00,10.0,10.112097
2018-01-24 05:00:00,5.0,5.436892
2018-01-24 06:00:00,3.0000000000000004,2.6813376
2018-01-24 07:00:00,8.0,2.2556825
2018-01-24 08:00:00,7.0,7.110395
2018-01-24 09:00:00,8.0,7.3802958
2018-01-24 10:00:00,14.999999999999998,8.610852
2018-01-24 11:00:00,28.0,18.056665
2018-01-24 12:00:00,33.0,32.866753
2018-01-24 13:00:00,17.0,34.750412
2018-01-24 14:00:00,16.0,16.341028
2018-01-24 15:00:00,18.0,17.11172
2018-01-24 16:00:00,14.0,15.654563
2018-01-24 17:00:00,18.0,15.420091
2018-01-24 18:00:00,10.0,20.231092
2018-01-24 19:00:00,10.0,4.8923206
2018-01-24 20:00:00,11.0,8.933155
2018-01-24 21:00:00,8.0,6.3652973
2018-01-24 22:00:00,5.0,5.3032236
2018-01-24 23:00:00,7.0,4.3915224
2018-01-25 00:00:00,7.0,8.345119
2018-01-25 01:00:00,5.0,8.545666
2018-01-25 02:00:00,7.0,4.902016
2018-01-25 03:00:00,8.0,4.5741053
2018-01-25 04:00:00,8.0,5.622035
2018-01-25 05:00:00,8.0,7.223874
2018-01-25 06:00:00,8.0,8.52115
2018-01-25 07:00:00,3.0000000000000004,8.575964
2018-01-25 08:00:00,13.0,4.4584928
2018-01-25 09:00:00,7.0,11.828161
2018-01-25 10:00:00,7.0,7.925025
2018-01-25 11:00:00,6.000000000000001,8.47586
2018-01-25 12:00:00,6.000000000000001,7.8370714
2018-01-25 13:00:00,7.0,5.2826843
2018-01-25 14:00:00,6.000000000000001,5.5263686
2018-01-25 15:00:00,5.0,5.671364
2018-01-25 16:00:00,13.0,7.645413
2018-01-25 17:00:00,8.999999999999998,15.563679
2018-01-25 18:00:00,8.999999999999998,10.084167
2018-01-25 19:00:00,5.0,7.2260365
2018-01-25 20:00:00,5.0,3.393453
2018-01-25 21:00:00,5.0,3.5490708
2018-01-25 22:00:00,5.0,4.7243476
2018-01-25 23:00:00,6.000000000000001,5.03859
2018-01-26 00:00:00,6.000000000000001,6.506636
2018-01-26 01:00:00,8.0,7.976457
2018-01-26 02:00:00,8.999999999999998,6.6773224
2018-01-26 03:00:00,8.999999999999998,7.277249
2018-01-26 04:00:00,10.0,8.547463
2018-01-26 05:00:00,48.00000000000001,12.10014
2018-01-26 06:00:00,61.0,46.94837
2018-01-26 07:00:00,53.0,66.25265
2018-01-26 08:00:00,40.0,58.10337
2018-01-26 09:00:00,42.0,41.1641
2018-01-26 10:00:00,38.0,40.098724
2018-01-26 11:00:00,40.0,35.26124
2018-01-26 12:00:00,40.0,37.513138
2018-01-26 13:00:00,42.0,38.801388
2018-01-26 14:00:00,59.99999999999999,39.94847
2018-01-26 15:00:00,77.0,66.59012
2018-01-26 16:00:00,71.0,79.66701
2018-01-26 17:00:00,68.0,67.754
2018-01-26 18:00:00,71.0,61.219822
2018-01-26 19:00:00,91.0,82.007454
2018-01-26 20:00:00,93.0,94.0949
2018-01-26 21:00:00,103.0,92.4281
2018-01-26 22:00:00,93.0,103.946175
2018-01-26 23:00:00,66.0,87.100525
2018-01-27 00:00:00,63.0,55.04389
2018-01-27 01:00:00,61.0,57.26065
2018-01-27 02:00:00,56.0,58.244926
2018-01-27 03:00:00,59.99999999999999,52.37495
2018-01-27 04:00:00,61.0,57.012444
2018-01-27 05:00:00,68.0,59.91417
2018-01-27 06:00:00,81.0,67.988174
2018-01-27 07:00:00,86.0,82.235825
2018-01-27 08:00:00,89.0,90.31607
2018-01-27 09:00:00,89.0,91.116844
2018-01-27 10:00:00,95.00000000000001,89.37876
2018-01-27 11:00:00,97.99999999999999,95.11975
2018-01-27 12:00:00,93.0,97.11811
2018-01-27 13:00:00,96.99999999999999,93.0207
2018-01-27 14:00:00,105.0,97.41527
2018-01-27 15:00:00,97.99999999999999,106.732895
2018-01-27 16:00:00,58.99999999999999,96.241234
2018-01-27 17:00:00,6.000000000000001,45.667324
2018-01-27 18:00:00,8.0,-4.9907627
2018-01-27 19:00:00,7.0,0.81863254
2018-01-27 20:00:00,8.999999999999998,0.10351763
2018-01-27 21:00:00,6.000000000000001,5.825598
2018-01-27 22:00:00,7.0,6.180524
2018-01-27 23:00:00,10.0,7.7165885
2018-01-28 00:00:00,6.000000000000001,9.762156
2018-01-28 01:00:00,8.0,7.8719363
2018-01-28 02:00:00,8.999999999999998,8.382731
2018-01-28 03:00:00,6.000000000000001,9.350246
2018-01-28 04:00:00,13.0,6.278361
2018-01-28 05:00:00,8.999999999999998,11.900789
2018-01-28 06:00:00,4.0,9.880179
2018-01-28 07:00:00,5.0,4.874622
2018-01-28 08:00:00,4.0,4.503714
2018-01-28 09:00:00,8.999999999999998,4.10224
2018-01-28 10:00:00,8.999999999999998,8.353658
2018-01-28 11:00:00,6.000000000000001,9.117113
2018-01-28 12:00:00,8.999999999999998,6.7392883
2018-01-28 13:00:00,10.0,8.659464
2018-01-28 14:00:00,5.0,8.234507
2018-01-28 15:00:00,10.0,4.5637355
2018-01-28 16:00:00,4.0,8.201656
2018-01-28 17:00:00,7.0,5.0361333
2018-01-28 18:00:00,7.0,6.5297275
2018-01-28 19:00:00,8.0,6.936846
2018-01-28 20:00:00,8.0,7.8739133
2018-01-28 21:00:00,7.0,8.01968
2018-01-28 22:00:00,6.000000000000001,6.5070004
2018-01-28 23:00:00,8.0,5.506555
2018-01-29 00:00:00,7.0,7.8068123
2018-01-29 01:00:00,5.0,8.476579
2018-01-29 02:00:00,7.0,5.228197
2018-01-29 03:00:00,5.0,5.3831306
2018-01-29 04:00:00,8.0,3.5656755
2018-01-29 05:00:00,8.999999999999998,7.24712
2018-01-29 06:00:00,10.0,8.527366
2018-01-29 07:00:00,5.0,9.621664
2018-01-29 08:00:00,10.0,5.407517
2018-01-29 09:00:00,8.999999999999998,8.976826
2018-01-29 10:00:00,4.0,9.154748
2018-01-29 11:00:00,8.999999999999998,5.4140787
2018-01-29 12:00:00,10.0,9.35997
2018-01-29 13:00:00,7.0,12.999712
2018-01-29 14:00:00,12.000000000000002,9.767028
2018-01-29 15:00:00,12.000000000000002,12.556606
2018-01-29 16:00:00,13.0,13.502643
2018-01-29 17:00:00,13.0,15.397401
2018-01-29 18:00:00,6.000000000000001,16.655794
2018-01-29 19:00:00,5.0,-0.7562549
2018-01-29 20:00:00,6.000000000000001,1.0396597
2018-01-29 21:00:00,8.0,2.606703
2018-01-29 22:00:00,10.0,6.736898
2018-01-29 23:00:00,10.0,11.632491
2018-01-30 00:00:00,11.0,11.837513
2018-01-30 01:00:00,10.0,12.047081
2018-01-30 02:00:00,8.0,8.034036
2018-01-30 03:00:00,8.0,5.632264
2018-01-30 04:00:00,8.0,6.342797
2018-01-30 05:00:00,11.0,7.0155616
2018-01-30 06:00:00,8.999999999999998,11.537495
2018-01-30 07:00:00,14.999999999999998,9.637818
2018-01-30 08:00:00,10.0,13.9816475
2018-01-30 09:00:00,10.0,9.23389
2018-01-30 10:00:00,10.0,9.333546
2018-01-30 11:00:00,12.000000000000002,10.564684
2018-01-30 12:00:00,10.0,13.154659
2018-01-30 13:00:00,8.0,10.148041
2018-01-30 14:00:00,6.000000000000001,10.413598
2018-01-30 15:00:00,6.000000000000001,3.9459944
2018-01-30 16:00:00,8.0,2.5146878
2018-01-30 17:00:00,6.000000000000001,6.256397
2018-01-30 18:00:00,6.000000000000001,7.439727
2018-01-30 19:00:00,8.999999999999998,7.364037
2018-01-30 20:00:00,8.999999999999998,7.5444613
2018-01-30 21:00:00,13.0,7.6166735
2018-01-30 22:00:00,14.999999999999998,12.586811
2018-01-30 23:00:00,17.0,15.9522705
2018-01-31 00:00:00,18.0,17.66676
2018-01-31 01:00:00,14.999999999999998,21.13365
2018-01-31 02:00:00,14.0,15.2649
2018-01-31 03:00:00,14.0,13.46618
2018-01-31 04:00:00,14.0,10.479798
2018-01-31 05:00:00,13.0,12.431656
2018-01-31 06:00:00,14.999999999999998,11.796803
2018-01-31 07:00:00,21.0,14.966514
2018-01-31 08:00:00,19.0,20.790758
2018-01-31 09:00:00,19.0,20.161875
2018-01-31 10:00:00,20.0,19.517216
2018-01-31 11:00:00,22.0,20.90073
2018-01-31 12:00:00,29.000000000000004,23.454622
2018-01-31 13:00:00,38.0,33.265095
2018-01-31 14:00:00,48.00000000000001,40.930145
2018-01-31 15:00:00,50.0,48.744267
